,Node,Latitude,Longitude
15237,15237,34.946918,-120.433487
15238,15238,34.941998,-120.428612
15239,15239,34.93919,-120.428589
15240,15240,34.933487,-119.508163
15241,15241,34.936329,-119.477669
15242,15242,34.94141,-119.463081
15243,15243,34.947056,-119.455467
15249,15249,34.950504,-119.698486
15250,15250,34.941086,-119.664291
15251,15251,34.940327,-119.65593
15252,15252,34.931713,-119.603142
15253,15253,34.932827,-119.580673
15254,15254,34.933018,-119.521202
15268,15268,34.919724,-120.429466
15269,15269,34.936024,-120.429298
15310,15310,34.907574,-120.428391
15327,15327,34.934769,-120.407013
15328,15328,34.900585,-120.409447
15333,15333,34.8927,-118.171066
15334,15334,34.913528,-118.153107
15337,15337,34.896896,-118.17012
15353,15353,34.921284,-119.510567
15354,15354,34.899879,-119.501343
15355,15355,34.884659,-119.493134
15362,15362,34.902554,-120.42794
15363,15363,34.877285,-120.428741
15367,15367,34.86343,-118.156677
15368,15368,34.863331,-118.165298
15369,15369,34.863308,-118.177223
15370,15370,34.877544,-118.179901
15371,15371,34.86972,-120.427368
15372,15372,34.863281,-120.432182
15445,15445,34.812656,-120.434288
15446,15446,34.942192,-118.927872
15447,15447,34.920017,-118.922394
15448,15448,34.916786,-118.923981
15449,15449,34.90237,-118.920891
15450,15450,34.897373,-118.917183
15451,15451,34.885677,-118.899422
15452,15452,34.870564,-118.879936
15453,15453,34.852646,-118.864014
15454,15454,34.846935,-118.861954
15455,15455,34.840298,-118.860977
15456,15456,34.832237,-118.863586
15457,15457,34.812305,-118.879257
15459,15459,34.947063,-119.416
15460,15460,34.94212,-119.409737
15461,15461,34.939392,-119.408279
15462,15462,34.932026,-119.409737
15463,15463,34.929981,-119.408852
15464,15464,34.927174,-119.411827
15465,15465,34.919136,-119.412163
15466,15466,34.916664,-119.409317
15467,15467,34.915859,-119.402901
15468,15468,34.914776,-119.399261
15469,15469,34.905575,-119.387337
15470,15470,34.900864,-119.367767
15471,15471,34.88937,-119.355507
15472,15472,34.881153,-119.353073
15473,15473,34.879467,-119.344131
15474,15474,34.873566,-119.340363
15475,15475,34.869694,-119.324982
15476,15476,34.867489,-119.319649
15477,15477,34.868286,-119.313293
15478,15478,34.870388,-119.310837
15479,15479,34.869946,-119.295837
15480,15480,34.874424,-119.288727
15481,15481,34.872578,-119.275627
15482,15482,34.869392,-119.259453
15483,15483,34.864986,-119.24823
15484,15484,34.86367,-119.230148
15485,15485,34.861454,-119.225098
15486,15486,34.858852,-119.201157
15487,15487,34.853127,-119.185753
15488,15488,34.851032,-119.173203
15489,15489,34.845623,-119.166397
15490,15490,34.851208,-119.161537
15491,15491,34.854149,-119.149117
15492,15492,34.861004,-119.135971
15493,15493,34.860439,-119.127617
15494,15494,34.852268,-119.106613
15495,15495,34.850628,-119.093521
15496,15496,34.842964,-119.084183
15497,15497,34.843109,-119.074203
15498,15498,34.839493,-119.05468
15499,15499,34.834503,-119.034859
15500,15500,34.822254,-119.008774
15501,15501,34.816818,-119.003647
15502,15502,34.820774,-118.983208
15503,15503,34.822243,-118.959938
15504,15504,34.821968,-118.946327
15505,15505,34.819786,-118.921043
15506,15506,34.81303,-118.893967
15520,15520,34.776604,-118.152977
15521,15521,34.776596,-118.17334
15522,15522,34.844505,-118.176468
15523,15523,34.814907,-118.176376
15524,15524,34.796314,-118.177727
15525,15525,34.773544,-118.800346
15526,15526,34.788544,-118.817177
15527,15527,34.797062,-118.833168
15528,15528,34.801971,-118.844368
15529,15529,34.808998,-118.868927
15530,15530,34.812603,-118.873993
15531,15531,34.773197,-118.782562
15532,15532,34.773743,-118.786369
15533,15533,34.773022,-118.790527
15534,15534,34.779484,-120.42157
15535,15535,34.772373,-120.421562
15550,15550,34.763111,-118.735687
15551,15551,34.764828,-118.749046
15552,15552,34.775429,-118.764229
15553,15553,34.763081,-118.722107
15554,15554,34.762936,-118.734306
15555,15555,34.776192,-118.209106
15556,15556,34.778515,-118.323647
15557,15557,34.779655,-118.429878
15558,15558,34.782192,-118.591316
15559,15559,34.782314,-118.62265
15560,15560,34.7817,-118.658127
15561,15561,34.78138,-118.666451
15562,15562,34.772694,-118.684036
15563,15563,34.764141,-118.709663
15564,15564,34.762909,-118.717117
15581,15581,34.756638,-118.792427
15582,15582,34.766399,-118.785744
15583,15583,34.768017,-118.783813
15584,15584,34.770672,-118.798851
15585,15585,34.7654,-118.797684
15591,15591,34.889149,-120.405167
15592,15592,34.863083,-120.383583
15593,15593,34.831882,-120.356232
15594,15594,34.821472,-120.341377
15595,15595,34.798641,-120.327721
15596,15596,34.793507,-120.321968
15597,15597,34.784267,-120.306068
15598,15598,34.754864,-120.270538
15599,15599,34.752365,-120.265671
15600,15600,34.759808,-120.375008
15601,15601,34.76046,-120.34037
15602,15602,34.754883,-120.315742
15603,15603,34.752487,-120.301514
15604,15604,34.749214,-120.294724
15605,15605,34.74984,-120.278938
15633,15633,34.738777,-118.147652
15634,15634,34.721348,-118.146606
15635,15635,34.719982,-118.146027
15728,15728,34.703869,-120.15937
15729,15729,34.708664,-120.150681
15730,15730,34.742672,-120.129204
15731,15731,34.75457,-120.121048
15732,15732,34.764252,-120.119179
15733,15733,34.773819,-120.122307
15734,15734,34.77409,-120.139793
15735,15735,34.784817,-120.171257
15736,15736,34.798622,-120.19841
15737,15737,34.817318,-120.222427
15738,15738,34.819134,-120.232491
15739,15739,34.822041,-120.235657
15740,15740,34.84724,-120.246887
15741,15741,34.852291,-120.255966
15742,15742,34.854221,-120.261597
15743,15743,34.85968,-120.263474
15744,15744,34.862473,-120.261909
15745,15745,34.874886,-120.242393
15746,15746,34.88258,-120.237411
15747,15747,34.894634,-120.232323
15748,15748,34.914509,-120.226677
15749,15749,34.926128,-120.220734
15750,15750,34.933872,-120.223244
15751,15751,34.94582,-120.23204
15752,15752,34.950439,-120.230553
15758,15758,34.742622,-120.245941
15759,15759,34.716888,-120.171501
15760,15760,34.709076,-120.162338
15761,15761,34.703175,-118.160431
15762,15762,34.703613,-118.157753
15763,15763,34.701641,-118.139267
15764,15764,34.709198,-118.144051
15765,15765,34.701588,-118.143127
15780,15780,34.699619,-118.171272
15781,15781,34.702892,-118.16217
15782,15782,34.706718,-118.173027
15784,15784,34.695957,-120.154373
15785,15785,34.687714,-120.153511
15786,15786,34.681316,-118.135063
15787,15787,34.694073,-118.135277
15788,15788,34.678307,-118.13501
15794,15794,34.72287,-120.427597
15795,15795,34.730171,-120.429283
15796,15796,34.736927,-120.434273
15797,15797,34.743156,-120.432861
15798,15798,34.761982,-120.423912
15799,15799,34.766418,-120.421043
15800,15800,34.662628,-120.341591
15801,15801,34.663269,-120.353996
15802,15802,34.661846,-120.40934
15803,15803,34.660835,-120.421768
15823,15823,34.683998,-120.136192
15824,15824,34.673115,-120.120827
15825,15825,34.670498,-120.105217
15826,15826,34.666988,-120.098167
15827,15827,34.64043,-120.076157
15828,15828,34.621784,-120.058884
15829,15829,34.616425,-120.052307
15830,15830,34.610828,-120.192467
15831,15831,34.616783,-120.192963
15832,15832,34.622353,-120.190407
15833,15833,34.626095,-120.1875
15834,15834,34.630501,-120.18573
15835,15835,34.664791,-120.171783
15836,15836,34.667618,-120.168831
15837,15837,34.673367,-120.158798
15838,15838,34.679253,-120.152367
15839,15839,34.621899,-120.209213
15840,15840,34.624992,-120.22345
15841,15841,34.625458,-120.232597
15842,15842,34.625961,-120.249519
15843,15843,34.626892,-120.258423
15844,15844,34.632282,-120.281601
15845,15845,34.658192,-120.319168
15846,15846,34.660385,-120.323143
15847,15847,34.662346,-120.336227
15848,15848,34.597645,-118.122864
15849,15849,34.608871,-120.178551
15850,15850,34.599087,-120.156036
15851,15851,34.596943,-120.149597
15852,15852,34.598518,-120.14135
15853,15853,34.609451,-120.105766
15854,15854,34.609337,-120.100777
15855,15855,34.612282,-120.082619
15856,15856,34.613827,-120.055542
15857,15857,34.597969,-118.127998
15858,15858,34.596081,-118.135757
15859,15859,34.594856,-118.138573
15860,15860,34.692059,-118.170067
15861,15861,34.681561,-118.162193
15862,15862,34.673782,-118.159317
15863,15863,34.656136,-118.156891
15864,15864,34.61647,-118.155022
15865,15865,34.630947,-120.432747
15866,15866,34.618168,-120.430023
15867,15867,34.613121,-120.42981
15868,15868,34.605801,-120.420097
15869,15869,34.599262,-120.415688
15870,15870,34.597088,-120.411171
15871,15871,34.592571,-120.408218
15872,15872,34.591885,-118.111481
15873,15873,34.59013,-120.018173
15874,15874,34.590576,-120.008499
15875,15875,34.589329,-120.002907
15876,15876,34.589283,-120.0
15877,15877,34.588589,-118.139473
15878,15878,34.756031,-118.716713
15879,15879,34.742332,-118.711182
15880,15880,34.747299,-118.697983
15881,15881,34.747646,-118.687721
15882,15882,34.744564,-118.6763
15883,15883,34.734367,-118.644234
15884,15884,34.732182,-118.634499
15885,15885,34.733418,-118.626213
15886,15886,34.735298,-118.622093
15887,15887,34.733242,-118.600151
15888,15888,34.726208,-118.592537
15889,15889,34.710442,-118.564827
15890,15890,34.705898,-118.537613
15891,15891,34.700516,-118.525322
15892,15892,34.682972,-118.466591
15893,15893,34.67823,-118.458214
15894,15894,34.674923,-118.444313
15895,15895,34.671207,-118.423752
15896,15896,34.67202,-118.410187
15897,15897,34.670773,-118.396057
15898,15898,34.661953,-118.381523
15899,15899,34.656475,-118.37867
15900,15900,34.649178,-118.373581
15901,15901,34.645096,-118.367706
15902,15902,34.630028,-118.332878
15903,15903,34.629448,-118.319862
15904,15904,34.607681,-118.259232
15905,15905,34.602032,-118.248367
15906,15906,34.59346,-118.229439
15907,15907,34.592815,-118.223068
15908,15908,34.593159,-118.207581
15909,15909,34.584827,-118.186172
15910,15910,34.583714,-118.181732
15911,15911,34.586746,-118.174583
15912,15912,34.587936,-118.167953
15913,15913,34.583523,-118.089111
15914,15914,34.582878,-118.100609
15915,15915,34.588997,-118.107033
15916,15916,34.578251,-118.102966
15917,15917,34.573029,-118.107338
16001,16001,34.871521,-119.509132
16002,16002,34.858501,-119.518471
16003,16003,34.841877,-119.536583
16004,16004,34.821636,-119.551521
16005,16005,34.809456,-119.565033
16006,16006,34.791561,-119.576988
16007,16007,34.774532,-119.579803
16008,16008,34.772408,-119.582787
16009,16009,34.774712,-119.594513
16010,16010,34.775822,-119.596489
16011,16011,34.773899,-119.624992
16012,16012,34.768867,-119.635933
16013,16013,34.765694,-119.633904
16014,16014,34.756985,-119.621696
16015,16015,34.742817,-119.618782
16016,16016,34.737301,-119.619164
16017,16017,34.725952,-119.624924
16018,16018,34.717766,-119.620789
16019,16019,34.703812,-119.61898
16020,16020,34.703289,-119.622009
16021,16021,34.704567,-119.627037
16022,16022,34.696182,-119.633713
16023,16023,34.696552,-119.638428
16024,16024,34.701283,-119.654373
16025,16025,34.692921,-119.659653
16026,16026,34.684845,-119.650261
16027,16027,34.6819,-119.648514
16028,16028,34.676609,-119.649178
16029,16029,34.674107,-119.671539
16030,16030,34.672012,-119.672859
16031,16031,34.650314,-119.679657
16032,16032,34.647266,-119.682877
16033,16033,34.645813,-119.686722
16034,16034,34.64983,-119.692383
16035,16035,34.649792,-119.694321
16036,16036,34.647614,-119.700073
16037,16037,34.63842,-119.712517
16038,16038,34.6339,-119.720413
16039,16039,34.613167,-119.724449
16040,16040,34.611984,-119.726357
16041,16041,34.610001,-119.733757
16042,16042,34.606003,-119.738617
16043,16043,34.598209,-119.738091
16044,16044,34.592812,-119.732674
16045,16045,34.586575,-119.72361
16046,16046,34.581978,-119.72374
16047,16047,34.569588,-119.735237
16048,16048,34.566868,-119.744843
16049,16049,34.560429,-119.756813
16050,16050,34.563713,-119.764664
16051,16051,34.564301,-119.769379
16052,16052,34.547287,-119.771317
16053,16053,34.547089,-119.780724
16054,16054,34.539318,-119.790421
16055,16055,34.541035,-119.796288
16056,16056,34.540226,-119.802071
16057,16057,34.541233,-119.808739
16058,16058,34.543304,-119.841164
16059,16059,34.540359,-119.850197
16060,16060,34.536377,-119.853943
16061,16061,34.589138,-119.99073
16062,16062,34.581619,-119.978287
16063,16063,34.57893,-119.965187
16064,16064,34.575413,-119.95816
16065,16065,34.577858,-119.951317
16066,16066,34.576462,-119.941872
16067,16067,34.57539,-119.938507
16068,16068,34.569359,-119.930832
16069,16069,34.566917,-119.916641
16070,16070,34.562725,-119.909027
16071,16071,34.554401,-119.901283
16072,16072,34.549721,-119.884521
16073,16073,34.543636,-119.879341
16074,16074,34.537556,-119.863373
16100,16100,34.583557,-118.088501
16101,16101,34.565952,-118.110497
16102,16102,34.561596,-118.109627
16103,16103,34.550388,-118.104248
16104,16104,34.544659,-118.102531
16105,16105,34.530663,-118.102409
16106,16106,34.524483,-118.10041
16107,16107,34.522884,-118.099007
16108,16108,34.515965,-118.109673
16109,16109,34.585384,-118.139427
16110,16110,34.57737,-118.136848
16111,16111,34.553543,-118.132423
16112,16112,34.540779,-118.120651
16113,16113,34.524536,-118.114098
16120,16120,34.514156,-120.432167
16121,16121,34.528996,-120.417557
16122,16122,34.527092,-120.40255
16123,16123,34.52903,-120.398758
16124,16124,34.52779,-120.393448
16125,16125,34.552963,-120.396118
16126,16126,34.563488,-120.405937
16127,16127,34.575008,-120.413048
16128,16128,34.579342,-120.414047
16129,16129,34.587673,-120.411346
16130,16130,34.534431,-119.848343
16131,16131,34.530247,-119.840179
16132,16132,34.527996,-119.838173
16133,16133,34.523663,-119.836922
16134,16134,34.521683,-119.83271
16135,16135,34.513233,-119.831047
16136,16136,34.511002,-119.827927
16137,16137,34.506577,-120.221153
16138,16138,34.518486,-120.215553
16139,16139,34.529282,-120.196327
16140,16140,34.540146,-120.192863
16141,16141,34.551098,-120.186081
16142,16142,34.566765,-120.183342
16143,16143,34.581314,-120.189148
16144,16144,34.592335,-120.188728
16145,16145,34.608082,-120.19236
16146,16146,34.515816,-120.240334
16147,16147,34.524437,-120.253662
16148,16148,34.518837,-120.257317
16149,16149,34.524704,-120.270538
16150,16150,34.527042,-120.278099
16151,16151,34.527523,-120.295807
16152,16152,34.519718,-120.304916
16153,16153,34.514919,-120.322433
16154,16154,34.515244,-120.32769
16155,16155,34.521084,-120.341743
16156,16156,34.537033,-120.355087
16157,16157,34.553661,-120.359901
16158,16158,34.561607,-120.363258
16159,16159,34.566517,-120.368713
16160,16160,34.571598,-120.376389
16161,16161,34.584438,-120.38575
16162,16162,34.586609,-120.399399
16163,16163,34.588737,-120.405853
16197,16197,34.501076,-120.22374
16198,16198,34.487129,-120.221832
16199,16199,34.484928,-120.218147
16200,16200,34.485477,-120.195236
16201,16201,34.483109,-120.169998
16202,16202,34.485859,-120.160423
16203,16203,34.487457,-120.131737
16204,16204,34.477676,-120.09877
16205,16205,34.476818,-120.07663
16206,16206,34.472515,-120.054367
16207,16207,34.474972,-120.037323
16208,16208,34.475471,-120.025452
16209,16209,34.474842,-120.012718
16210,16210,34.47258,-120.0
16249,16249,34.457161,-119.769249
16250,16250,34.469017,-119.772942
16251,16251,34.473293,-119.776947
16252,16252,34.479137,-119.771606
16253,16253,34.491169,-119.788857
16254,16254,34.487614,-119.794548
16255,16255,34.495541,-119.799507
16256,16256,34.495907,-119.80394
16257,16257,34.501602,-119.805794
16258,16258,34.503067,-119.812469
16259,16259,34.503201,-119.817169
16260,16260,34.456177,-119.768288
16261,16261,34.449677,-119.832443
16262,16262,34.449368,-119.826286
16263,16263,34.449162,-119.230637
16264,16264,34.449333,-119.231743
16265,16265,34.448872,-119.81646
16266,16266,34.448357,-119.806297
16267,16267,34.446362,-119.767014
16268,16268,34.447044,-119.759377
16269,16269,34.445724,-119.754547
16297,16297,34.512058,-119.821327
16298,16298,34.511055,-119.814667
16299,16299,34.514153,-119.80896
16300,16300,34.513947,-119.796791
16301,16301,34.517925,-119.793053
16302,16302,34.51767,-119.783363
16303,16303,34.509674,-119.77066
16304,16304,34.507706,-119.7659
16305,16305,34.504589,-119.738708
16306,16306,34.500454,-119.727798
16307,16307,34.493645,-119.712646
16308,16308,34.493675,-119.699669
16309,16309,34.49242,-119.69355
16310,16310,34.491306,-119.691856
16311,16311,34.485641,-119.688362
16312,16312,34.483894,-119.683884
16313,16313,34.472923,-119.681877
16314,16314,34.468716,-119.674294
16315,16315,34.465031,-119.675011
16316,16316,34.461761,-119.677948
16317,16317,34.460201,-119.687012
16318,16318,34.444965,-119.696129
16319,16319,34.444172,-118.604431
16320,16320,34.447609,-118.605042
16321,16321,34.462669,-118.612488
16322,16322,34.472507,-118.614601
16323,16323,34.481232,-118.61393
16324,16324,34.48753,-118.612358
16325,16325,34.550011,-118.658836
16326,16326,34.567009,-118.677406
16327,16327,34.583485,-118.700958
16328,16328,34.590519,-118.707458
16329,16329,34.605778,-118.717163
16330,16330,34.610771,-118.721413
16331,16331,34.617619,-118.724297
16332,16332,34.624577,-118.737442
16333,16333,34.640488,-118.749931
16334,16334,34.658524,-118.756943
16335,16335,34.664646,-118.762871
16336,16336,34.673664,-118.776062
16337,16337,34.685532,-118.781013
16338,16338,34.700199,-118.782143
16339,16339,34.710926,-118.786781
16340,16340,34.753078,-118.791229
16365,16365,34.443657,-119.696907
16366,16366,34.444843,-119.705803
16367,16367,34.471382,-119.993263
16368,16368,34.467762,-119.98069
16369,16369,34.454056,-119.94706
16370,16370,34.448769,-119.926712
16371,16371,34.44376,-119.903893
16372,16372,34.443264,-119.884537
16373,16373,34.443989,-119.875038
16374,16374,34.445492,-119.855331
16375,16375,34.44091,-119.249718
16376,16376,34.443512,-119.248123
16377,16377,34.448116,-119.241371
16378,16378,34.440384,-119.250053
16379,16379,34.43417,-119.25676
16380,16380,34.434799,-119.260147
16381,16381,34.435921,-119.262657
16382,16382,34.444988,-119.273064
16383,16383,34.458195,-119.281853
16384,16384,34.463882,-119.286377
16385,16385,34.473053,-119.287361
16386,16386,34.476936,-119.289093
16387,16387,34.479897,-119.291069
16388,16388,34.485512,-119.302254
16389,16389,34.488705,-119.303963
16390,16390,34.493523,-119.303757
16391,16391,34.498817,-119.302467
16392,16392,34.50346,-119.297546
16393,16393,34.506065,-119.290108
16394,16394,34.506329,-119.287064
16395,16395,34.504116,-119.279823
16396,16396,34.505993,-119.275963
16397,16397,34.513847,-119.271378
16398,16398,34.515678,-119.271408
16399,16399,34.516582,-119.272797
16400,16400,34.516567,-119.274193
16401,16401,34.511444,-119.281036
16402,16402,34.511425,-119.282982
16403,16403,34.513706,-119.283852
16404,16404,34.524593,-119.274597
16405,16405,34.525299,-119.273499
16406,16406,34.526047,-119.267677
16407,16407,34.535076,-119.260338
16408,16408,34.536732,-119.256203
16409,16409,34.537029,-119.249283
16410,16410,34.535213,-119.247864
16411,16411,34.533142,-119.248108
16412,16412,34.528519,-119.25164
16413,16413,34.527161,-119.249397
16414,16414,34.52766,-119.246078
16415,16415,34.534195,-119.235367
16416,16416,34.549709,-119.243927
16417,16417,34.551075,-119.245331
16418,16418,34.551956,-119.248398
16419,16419,34.552742,-119.260887
16420,16420,34.55386,-119.263969
16421,16421,34.555904,-119.265388
16422,16422,34.558422,-119.265984
16423,16423,34.560955,-119.26519
16424,16424,34.56398,-119.26107
16425,16425,34.570709,-119.254799
16426,16426,34.572777,-119.254272
16427,16427,34.580296,-119.259392
16428,16428,34.582554,-119.262756
16429,16429,34.588577,-119.278397
16430,16430,34.592781,-119.292892
16431,16431,34.595398,-119.305153
16432,16432,34.594963,-119.323189
16433,16433,34.595844,-119.32653
16434,16434,34.602329,-119.341629
16435,16435,34.602757,-119.344139
16436,16436,34.601521,-119.351891
16437,16437,34.601959,-119.353844
16438,16438,34.604671,-119.356941
16439,16439,34.60981,-119.36924
16440,16440,34.613659,-119.373749
16441,16441,34.616852,-119.375473
16442,16442,34.622799,-119.377243
16443,16443,34.630127,-119.378197
16444,16444,34.640697,-119.376991
16445,16445,34.6446,-119.377342
16446,16446,34.6455,-119.378754
16447,16447,34.644051,-119.384552
16448,16448,34.644718,-119.386513
16449,16449,34.64793,-119.386574
16450,16450,34.653709,-119.383331
16451,16451,34.65559,-119.379204
16452,16452,34.657921,-119.376457
16453,16453,34.659126,-119.371201
16454,16454,34.662113,-119.370972
16455,16455,34.663731,-119.370171
16456,16456,34.664478,-119.364899
16457,16457,34.665878,-119.363258
16458,16458,34.667477,-119.363838
16459,16459,34.669224,-119.371094
16460,16460,34.671516,-119.371689
16461,16461,34.674511,-119.370628
16462,16462,34.675678,-119.36898
16463,16463,34.677376,-119.361229
16464,16464,34.679241,-119.358757
16465,16465,34.683617,-119.35717
16466,16466,34.685806,-119.350899
16467,16467,34.688011,-119.351151
16468,16468,34.70866,-119.364464
16469,16469,34.724571,-119.373207
16470,16470,34.746483,-119.393211
16471,16471,34.763264,-119.404503
16472,16472,34.782169,-119.412231
16473,16473,34.787338,-119.418198
16474,16474,34.792629,-119.43055
16475,16475,34.796661,-119.435944
16476,16476,34.803425,-119.442787
16477,16477,34.844696,-119.470039
16478,16478,34.856972,-119.476501
16479,16479,34.433025,-119.714302
16480,16480,34.438946,-119.706863
16481,16481,34.443043,-119.743103
16494,16494,34.426922,-118.58728
16495,16495,34.434681,-118.591003
16496,16496,34.43922,-118.595779
16497,16497,34.428856,-119.263802
16498,16498,34.427734,-119.276482
16499,16499,34.4263,-119.280029
16500,16500,34.426872,-118.489304
16501,16501,34.426285,-118.492661
16502,16502,34.42448,-118.498413
16521,16521,34.423431,-118.459213
16522,16522,34.424324,-118.461723
16523,16523,34.426373,-118.470909
16524,16524,34.427353,-118.486557
16525,16525,34.420895,-119.667953
16526,16526,34.4212,-119.681602
16527,16527,34.42498,-119.706306
16528,16528,34.428646,-119.711823
16529,16529,34.42086,-119.666237
16530,16530,34.505875,-118.126587
16531,16531,34.498901,-118.140327
16532,16532,34.49789,-118.154129
16533,16533,34.504372,-118.179359
16534,16534,34.504658,-118.20285
16535,16535,34.505741,-118.211983
16536,16536,34.508621,-118.225288
16537,16537,34.514244,-118.240837
16538,16538,34.514622,-118.250519
16539,16539,34.513649,-118.257973
16540,16540,34.500587,-118.285698
16541,16541,34.486675,-118.304024
16542,16542,34.48246,-118.31501
16543,16543,34.476757,-118.338692
16544,16544,34.471634,-118.347733
16545,16545,34.460777,-118.356689
16546,16546,34.45615,-118.36187
16547,16547,34.45031,-118.373383
16548,16548,34.445946,-118.393608
16549,16549,34.437263,-118.405548
16550,16550,34.428467,-118.427383
16551,16551,34.418152,-118.444366
16552,16552,34.417725,-118.543663
16553,16553,34.418652,-118.536484
16554,16554,34.420906,-118.53038
16555,16555,34.42173,-118.514214
16556,16556,34.424633,-118.56488
16557,16557,34.408573,-118.457748
16558,16558,34.406998,-118.459953
16559,16559,34.403774,-118.463516
16560,16560,34.397556,-118.473572
16561,16561,34.441769,-118.614601
16562,16562,34.432182,-118.631554
16563,16563,34.427124,-118.653549
16564,16564,34.417332,-118.667717
16565,16565,34.412399,-118.677849
16566,16566,34.41074,-118.682793
16567,16567,34.409573,-118.704292
16568,16568,34.407196,-118.711983
16569,16569,34.407833,-118.716133
16570,16570,34.409409,-118.718918
16571,16571,34.409554,-118.725822
16572,16572,34.411308,-118.732758
16573,16573,34.407288,-118.742897
16574,16574,34.406891,-118.75724
16575,16575,34.407612,-118.773262
16576,16576,34.409721,-118.78849
16577,16577,34.404999,-118.799438
16578,16578,34.401619,-118.812889
16579,16579,34.402222,-118.83802
16580,16580,34.397736,-118.865807
16581,16581,34.395107,-118.891693
16582,16582,34.398876,-118.918823
16583,16583,34.389919,-118.959587
16584,16584,34.392414,-118.955673
16585,16585,34.403576,-118.944603
16586,16586,34.406624,-118.939697
16587,16587,34.406273,-118.931961
16588,16588,34.399982,-118.921883
16611,16611,34.42696,-119.281708
16612,16612,34.428806,-119.294731
16613,16613,34.425209,-119.304298
16614,16614,34.4268,-119.318977
16615,16615,34.42041,-119.330681
16616,16616,34.419102,-119.353561
16617,16617,34.415768,-119.360924
16618,16618,34.412045,-119.363861
16619,16619,34.407185,-119.366219
16620,16620,34.396729,-119.360687
16621,16621,34.391647,-119.362747
16622,16622,34.390972,-119.37516
16623,16623,34.385727,-119.386887
16624,16624,34.382809,-119.396461
16625,16625,34.382504,-119.400597
16626,16626,34.393707,-119.41581
16627,16627,34.394455,-119.438469
16628,16628,34.396168,-119.445412
16629,16629,34.396942,-119.453163
16630,16630,34.390499,-119.467056
16631,16631,34.391186,-119.478493
16632,16632,34.394955,-119.478844
16633,16633,34.395817,-119.483292
16634,16634,34.40398,-119.508362
16635,16635,34.405056,-119.514198
16636,16636,34.407974,-119.518959
16637,16637,34.411598,-119.522346
16638,16638,34.413689,-119.537903
16639,16639,34.414989,-119.543739
16640,16640,34.416988,-119.548477
16641,16641,34.4226,-119.558006
16642,16642,34.425678,-119.568039
16643,16643,34.430676,-119.572006
16644,16644,34.431557,-119.574516
16645,16645,34.432636,-119.579536
16646,16646,34.433769,-119.597282
16647,16647,34.433857,-119.607529
16648,16648,34.436466,-119.617828
16649,16649,34.436638,-119.621986
16650,16650,34.435925,-119.623909
16651,16651,34.436317,-119.631844
16652,16652,34.433327,-119.645462
16653,16653,34.43483,-119.652412
16654,16654,34.441284,-119.666672
16655,16655,34.442371,-119.670578
16656,16656,34.44231,-119.675011
16657,16657,34.443867,-119.67836
16658,16658,34.444286,-119.680862
16659,16659,34.443768,-119.685287
16660,16660,34.441196,-119.688553
16661,16661,34.440926,-119.691322
16662,16662,34.441959,-119.694344
16663,16663,34.381516,-119.068207
16664,16664,34.390495,-119.074852
16665,16665,34.399769,-119.083633
16666,16666,34.421219,-119.091316
16667,16667,34.424824,-119.095818
16668,16668,34.429199,-119.124924
16669,16669,34.436321,-119.13945
16670,16670,34.437397,-119.144173
16671,16671,34.435345,-119.202667
16672,16672,34.441586,-119.199509
16673,16673,34.444965,-119.203743
16674,16674,34.363815,-119.047058
16675,16675,34.366409,-119.043388
16676,16676,34.380806,-118.998741
16677,16677,34.385319,-118.971237
16678,16678,34.388428,-118.961929
16679,16679,34.357544,-119.058167
16680,16680,34.373386,-119.060211
16681,16681,34.36393,-119.056839
16682,16682,34.339249,-119.286873
16683,16683,34.352165,-119.296577
16684,16684,34.361694,-119.302628
16685,16685,34.369289,-119.30117
16686,16686,34.393631,-119.299606
16687,16687,34.401295,-119.294006
16688,16688,34.406601,-119.291939
16689,16689,34.39592,-118.476219
16690,16690,34.390614,-118.482277
16691,16691,34.386471,-118.485847
16692,16692,34.379799,-118.489693
16693,16693,34.374504,-118.493797
16694,16694,34.366653,-118.505653
16695,16695,34.360317,-118.505836
16696,16696,34.344433,-118.512192
16697,16697,34.339127,-118.515137
16698,16698,34.344063,-118.525703
16699,16699,34.354691,-118.541328
16700,16700,34.360043,-118.555763
16701,16701,34.368938,-118.561157
16702,16702,34.374397,-118.565392
16703,16703,34.337608,-119.081596
16704,16704,34.330509,-118.444504
16705,16705,34.328789,-118.442352
16706,16706,34.327404,-118.494263
16707,16707,34.33139,-118.485497
16708,16708,34.335518,-118.461853
16709,16709,34.331993,-118.446358
16710,16710,34.335987,-118.507919
16711,16711,34.328732,-118.499252
16788,16788,34.308926,-118.421654
16789,16789,34.298225,-118.411774
16790,16790,34.28989,-118.745689
16791,16791,34.290546,-118.752892
16792,16792,34.289608,-118.403801
16793,16793,34.291042,-118.758278
16794,16794,34.289513,-118.771202
16795,16795,34.289577,-118.784988
16796,16796,34.294189,-118.80162
16797,16797,34.302612,-118.824669
16798,16798,34.303402,-118.835159
16799,16799,34.302345,-118.845886
16800,16800,34.299503,-118.852722
16801,16801,34.298073,-118.854523
16802,16802,34.289478,-118.865196
16803,16803,34.289326,-119.299294
16804,16804,34.305218,-119.291489
16805,16805,34.318619,-119.285767
16806,16806,34.326431,-119.285149
16807,16807,34.293308,-119.304413
16808,16808,34.293633,-119.312134
16809,16809,34.296692,-119.321312
16810,16810,34.308933,-119.343697
16811,16811,34.318378,-119.354713
16812,16812,34.324429,-119.363136
16813,16813,34.32618,-119.368156
16814,16814,34.325748,-119.37973
16815,16815,34.324238,-119.387413
16816,16816,34.346191,-119.417526
16817,16817,34.357018,-119.428032
16818,16818,34.3596,-119.437767
16819,16819,34.361599,-119.441132
16820,16820,34.369045,-119.448517
16821,16821,34.376884,-119.458946
16822,16822,34.380032,-119.475037
16823,16823,34.386795,-119.48175
16824,16824,34.391884,-119.492218
16825,16825,34.397514,-119.515404
16826,16826,34.40279,-119.529381
16827,16827,34.404736,-119.538277
16828,16828,34.409397,-119.55027
16829,16829,34.416824,-119.560944
16830,16830,34.417927,-119.56456
16831,16831,34.417522,-119.577011
16832,16832,34.418362,-119.582848
16833,16833,34.423706,-119.594856
16834,16834,34.424351,-119.597923
16835,16835,34.424747,-119.618698
16836,16836,34.420982,-119.658211
16852,16852,34.289223,-118.40345
16853,16853,34.28891,-118.402992
16854,16854,34.286274,-119.177673
16855,16855,34.295628,-119.160011
16856,16856,34.326862,-119.111969
16857,16857,34.336086,-119.093437
16858,16858,34.285896,-118.407013
16859,16859,34.284092,-118.877312
16860,16860,34.374363,-118.916641
16861,16861,34.366943,-118.922272
16862,16862,34.354362,-118.920067
16863,16863,34.345039,-118.913803
16864,16864,34.342621,-118.906029
16865,16865,34.337624,-118.902344
16866,16866,34.316525,-118.901878
16867,16867,34.316265,-118.8815
16868,16868,34.298412,-118.878014
16869,16869,34.294823,-118.878326
16870,16870,34.287304,-118.882156
16871,16871,34.28392,-118.395767
16872,16872,34.283737,-118.390007
16873,16873,34.282997,-119.187073
16874,16874,34.28381,-119.182327
16875,16875,34.290108,-118.727989
16876,16876,34.288246,-118.707237
16877,16877,34.284233,-118.69474
16878,16878,34.282337,-118.685593
16879,16879,34.282188,-118.460007
16880,16880,34.309189,-118.480743
16881,16881,34.322376,-118.492249
16882,16882,34.281654,-118.459602
16883,16883,34.281628,-119.295448
16884,16884,34.281372,-119.14959
16885,16885,34.284687,-119.155167
16886,16886,34.282925,-118.364197
16887,16887,34.280495,-118.340973
16888,16888,34.27956,-118.887306
16889,16889,34.27906,-119.209953
16890,16890,34.278172,-118.447273
16891,16891,34.278702,-119.231049
16892,16892,34.277657,-119.248627
16893,16893,34.278759,-119.283127
16894,16894,34.277267,-119.265457
16895,16895,34.27478,-118.462357
16896,16896,34.279991,-118.336143
16897,16897,34.27409,-118.330627
16898,16898,34.275978,-118.60154
16899,16899,34.273918,-118.60173
16900,16900,34.273064,-118.426208
16901,16901,34.276871,-118.419006
16902,16902,34.271458,-118.53566
16903,16903,34.273338,-118.522873
16904,16904,34.27343,-118.520683
16905,16905,34.275249,-118.59317
16906,16906,34.268471,-118.581047
16907,16907,34.268448,-119.233688
16908,16908,34.268124,-119.233147
16909,16909,34.268063,-118.580101
16910,16910,34.281048,-118.671257
16911,16911,34.267815,-118.644287
16912,16912,34.276226,-118.630386
16913,16913,34.277294,-118.616631
16914,16914,34.267281,-118.438042
16915,16915,34.26841,-118.434998
16916,16916,34.268986,-118.439171
16938,16938,34.266697,-118.577293
16939,16939,34.265907,-118.778297
16940,16940,34.277397,-118.760963
16941,16941,34.265491,-118.994476
16942,16942,34.274204,-118.945068
16943,16943,34.273682,-118.932663
16944,16944,34.278416,-118.921738
16945,16945,34.26516,-118.322098
16946,16946,34.264851,-118.785919
16947,16947,34.264576,-118.321739
16948,16948,34.264297,-118.789902
16949,16949,34.264812,-118.573418
16950,16950,34.263699,-118.564499
16951,16951,34.263302,-118.79705
16952,16952,34.262939,-118.558411
16953,16953,34.271076,-118.538269
16954,16954,34.262226,-118.463623
16955,16955,34.263458,-118.448357
16964,16964,34.274055,-118.505478
16965,16965,34.273258,-118.492722
16966,16966,34.266663,-118.482224
16967,16967,34.261726,-118.469856
16973,16973,34.258156,-119.206947
16974,16974,34.264397,-119.220421
16975,16975,34.265675,-119.226791
16976,16976,34.264462,-119.002167
16977,16977,34.263443,-119.104111
16978,16978,34.25737,-119.11113
16979,16979,34.27597,-119.140511
16999,16999,34.254341,-119.198723
17000,17000,34.257362,-118.811348
17001,17001,34.254723,-118.821213
17002,17002,34.251259,-118.840118
17003,17003,34.269669,-118.854309
17004,17004,34.257881,-118.843323
17005,17005,34.25016,-118.60392
17037,17037,34.240829,-119.168137
17038,17038,34.249538,-119.188362
17039,17039,34.249027,-118.604019
17040,17040,34.240269,-118.605324
17041,17041,34.238724,-118.605263
17042,17042,34.236416,-119.16304
17043,17043,34.263641,-118.320869
17044,17044,34.245689,-118.305252
17045,17045,34.242126,-118.29213
17046,17046,34.233765,-118.261009
17061,17061,34.25478,-118.429764
17062,17062,34.243404,-118.417702
17063,17063,34.233017,-118.402924
17064,17064,34.232357,-119.159416
17067,17067,34.230289,-119.157578
17068,17068,34.229202,-119.13958
17069,17069,34.228374,-119.14241
17070,17070,34.227493,-119.145393
17071,17071,34.227303,-119.131882
17077,17077,34.219093,-118.852493
17078,17078,34.218536,-118.852699
17079,17079,34.217018,-119.032227
17080,17080,34.225346,-119.027184
17081,17081,34.243225,-119.011887
17082,17082,34.2519,-118.998581
17083,17083,34.258614,-118.994049
17084,17084,34.224438,-119.120247
17085,17085,34.224693,-119.087761
17086,17086,34.218922,-119.059258
17087,17087,34.217072,-119.044342
17109,17109,34.233124,-118.258614
17110,17110,34.21994,-118.226624
17111,17111,34.21265,-118.215569
17112,17112,34.208668,-118.209618
17113,17113,34.208851,-118.206337
17126,17126,34.20731,-118.208603
17127,17127,34.205044,-118.213081
17128,17128,34.21077,-119.035927
17129,17129,34.203678,-119.034668
17130,17130,34.203117,-118.214211
17131,17131,34.227551,-118.384193
17132,17132,34.219536,-118.35762
17133,17133,34.216255,-118.342842
17134,17134,34.205238,-118.334129
17135,17135,34.202351,-118.332642
17136,17136,34.200878,-118.855072
17137,17137,34.207085,-118.855133
17153,17153,34.197521,-118.330162
17154,17154,34.257061,-118.464142
17155,17155,34.237663,-118.468628
17156,17156,34.222305,-118.468018
17157,17157,34.209393,-118.470268
17158,17158,34.199108,-118.46875
17159,17159,34.194626,-118.467903
17160,17160,34.19363,-118.467697
17161,17161,34.189713,-118.855377
17162,17162,34.190853,-118.854973
17207,17207,34.180027,-119.167953
17208,17208,34.179649,-119.172653
17209,17209,34.188332,-119.182114
17210,17210,34.219563,-119.177788
17211,17211,34.23185,-119.168243
17212,17212,34.179535,-118.865959
17213,17213,34.186092,-118.856712
17214,17214,34.1796,-118.502243
17215,17215,34.179531,-118.50174
17216,17216,34.179428,-118.874191
17217,17217,34.180164,-118.875847
17218,17218,34.178471,-118.88269
17219,17219,34.177494,-118.887077
17220,17220,34.183659,-118.906754
17221,17221,34.185387,-118.931839
17222,17222,34.199924,-118.959137
17223,17223,34.20224,-118.97406
17224,17224,34.20668,-118.984619
17225,17225,34.208401,-118.99292
17226,17226,34.214176,-119.005997
17227,17227,34.21611,-119.015129
17228,17228,34.176613,-118.856956
17235,17235,34.176083,-118.464607
17236,17236,34.175606,-118.853851
17237,17237,34.174561,-118.46627
17238,17238,34.173836,-118.464218
17239,17239,34.174419,-118.465286
17240,17240,34.210243,-118.604073
17241,17241,34.185528,-118.601669
17242,17242,34.17281,-118.605186
17243,17243,34.172657,-118.594231
17244,17244,34.172161,-118.587578
17245,17245,34.174816,-118.566704
17246,17246,34.17841,-118.545013
17247,17247,34.179333,-118.520187
17248,17248,34.215633,-118.400864
17249,17249,34.199921,-118.396393
17250,17250,34.180668,-118.38707
17251,17251,34.166195,-118.379051
17252,17252,34.165031,-118.377922
17253,17253,34.165462,-118.448914
17254,17254,34.165272,-118.404984
17255,17255,34.195957,-118.329353
17256,17256,34.17902,-118.310204
17257,17257,34.167656,-118.297073
17258,17258,34.163387,-118.293297
17260,17260,34.164986,-118.37265
17261,17261,34.162514,-118.344658
17262,17262,34.162666,-118.312622
17263,17263,34.197674,-118.217392
17264,17264,34.189758,-118.219208
17265,17265,34.173782,-118.222862
17266,17266,34.165371,-118.222519
17267,17267,34.161243,-118.222
17268,17268,34.160946,-118.836639
17269,17269,34.160484,-118.221901
17275,17275,34.209492,-118.195007
17276,17276,34.202259,-118.18148
17277,17277,34.192543,-118.166206
17278,17278,34.182056,-118.154228
17279,17279,34.169346,-118.148521
17280,17280,34.15979,-118.145416
17281,17281,34.158237,-118.144379
17282,17282,34.15818,-118.221382
17283,17283,34.163418,-118.292488
17284,17284,34.163383,-118.267067
17285,17285,34.16502,-118.238968
17286,17286,34.158775,-118.222717
17287,17287,34.157211,-118.287743
17288,17288,34.156361,-118.287437
17300,17300,34.155411,-118.643517
17301,17301,34.166069,-118.624069
17302,17302,34.172882,-118.610542
17304,17304,34.154976,-118.645973
17305,17305,34.153999,-118.212044
17306,17306,34.155651,-118.201057
17307,17307,34.1506,-118.182922
17308,17308,34.151928,-118.166397
17309,17309,34.159454,-118.149551
17310,17310,34.156963,-118.138969
17311,17311,34.153095,-118.118942
17312,17312,34.151894,-118.102333
17313,17313,34.156055,-118.091431
17314,17314,34.153595,-118.079468
17334,17334,34.150795,-118.669411
17335,17335,34.151104,-118.682617
17336,17336,34.152477,-118.702744
17337,17337,34.149673,-118.707359
17338,17338,34.141548,-118.715736
17339,17339,34.140541,-118.723137
17340,17340,34.140579,-118.739647
17341,17341,34.144188,-118.763931
17342,17342,34.149601,-118.808617
17343,17343,34.155125,-118.825241
17344,17344,34.152466,-118.471046
17345,17345,34.140278,-118.471939
17412,17412,34.163788,-118.607681
17413,17413,34.149323,-118.60791
17414,17414,34.141022,-118.601212
17415,17415,34.134335,-118.599327
17456,17456,34.130722,-118.476578
17470,17470,34.140762,-118.28186
17471,17471,34.123924,-118.275597
17473,17473,34.122841,-118.275467
17484,17484,34.154144,-118.141617
17485,17485,34.142235,-118.14093
17486,17486,34.121864,-118.138817
17487,17487,34.11615,-118.164673
17532,17532,34.103714,-118.246552
17533,17533,34.11055,-118.242477
17534,17534,34.118813,-118.233398
17535,17535,34.121754,-118.226051
17536,17536,34.133778,-118.222351
17537,17537,34.142788,-118.219917
17538,17538,34.150826,-118.219673
17539,17539,34.113102,-118.259407
17540,17540,34.104454,-118.247772
17546,17546,34.125996,-118.597
17547,17547,34.120968,-118.588226
17548,17548,34.106728,-118.588753
17549,17549,34.101189,-118.589897
17550,17550,34.100739,-118.590477
17558,17558,34.113079,-118.178543
17559,17559,34.098152,-118.199982
17608,17608,34.124344,-118.479683
17609,17609,34.108742,-118.479973
17610,17610,34.098614,-118.478653
17611,17611,34.094315,-118.477791
17614,17614,34.156128,-118.36927
17615,17615,34.137993,-118.352287
17616,17616,34.133003,-118.341316
17617,17617,34.118069,-118.333313
17618,17618,34.107178,-118.319923
17619,17619,34.101448,-118.310867
17620,17620,34.094048,-118.304237
17639,17639,34.086224,-118.215637
17640,17640,34.084419,-118.217827
17641,17641,34.096966,-118.235352
17642,17642,34.086815,-118.219528
17648,17648,34.094284,-118.598732
17649,17649,34.088432,-118.602631
17650,17650,34.082813,-118.597488
17661,17661,34.089966,-118.476921
17662,17662,34.0774,-118.472214
17701,17701,34.072067,-118.259354
17702,17702,34.085514,-118.252586
17703,17703,34.100067,-118.248718
17704,17704,34.093376,-118.303673
17705,17705,34.08231,-118.288071
17706,17706,34.076088,-118.271294
17707,17707,34.07225,-118.259827
17742,17742,34.06818,-118.147469
17743,17743,34.072811,-118.127693
17744,17744,34.074669,-118.098518
17745,17745,34.06514,-118.159752
17746,17746,34.06794,-118.148491
17749,17749,34.064831,-118.160988
17756,17756,34.072495,-118.232246
17757,17757,34.064247,-118.245079
17758,17758,34.068378,-118.249763
17770,17770,34.060276,-118.160423
17783,17783,34.055634,-118.211884
17784,17784,34.058849,-118.1912
17785,17785,34.062843,-118.168999
17786,17786,34.073742,-118.21022
17787,17787,34.059483,-118.211632
17788,17788,34.06258,-118.243187
17789,17789,34.056644,-118.233047
17802,17802,34.051102,-118.445374
17803,17803,34.055046,-118.4338
17804,17804,34.065685,-118.413528
17805,17805,34.077496,-118.392464
17806,17806,34.084389,-118.383629
17807,17807,34.091034,-118.375328
17808,17808,34.093529,-118.359138
17809,17809,34.093555,-118.340652
17810,17810,34.066265,-118.4599
17817,17817,34.047531,-118.158836
17845,17845,34.079266,-118.594254
17846,17846,34.072136,-118.586777
17847,17847,34.059181,-118.582382
17848,17848,34.045891,-118.581177
17849,17849,34.045853,-118.579567
17850,17850,34.045479,-118.563904
17851,17851,34.063656,-118.245987
17852,17852,34.052593,-118.256897
17853,17853,34.039715,-118.267174
17854,17854,34.03756,-118.268028
17868,17868,34.035828,-118.157379
17869,17869,34.036316,-118.165939
17875,17875,34.033817,-118.131348
17876,17876,34.035187,-118.146217
17877,17877,34.033756,-118.130661
17878,17878,34.03574,-118.1017
17879,17879,34.035683,-118.096062
17880,17880,34.034199,-118.081657
17881,17881,34.033958,-118.079277
17898,17898,34.046139,-118.440628
17899,17899,34.031982,-118.429588
17900,17900,34.030575,-118.428436
17901,17901,34.032032,-118.410843
17902,17902,34.029316,-118.392258
17903,17903,34.034897,-118.38089
17904,17904,34.035614,-118.362717
17905,17905,34.03466,-118.355232
17906,17906,34.036388,-118.333237
17907,17907,34.039856,-118.306061
17908,17908,34.038883,-118.281487
17909,17909,34.028862,-118.83503
17910,17910,34.04092,-118.860283
17911,17911,34.044418,-118.873268
17912,17912,34.052578,-118.932533
17913,17913,34.05331,-118.946289
17914,17914,34.059025,-118.964546
17915,17915,34.071377,-118.999741
17916,17916,34.074623,-119.013283
17917,17917,34.089165,-119.038918
17918,17918,34.094151,-119.058563
17919,17919,34.104565,-119.068153
17920,17920,34.128193,-119.083557
17921,17921,34.15015,-119.103058
17922,17922,34.159554,-119.118141
17923,17923,34.176899,-119.153793
17924,17924,34.028713,-118.197159
17925,17925,34.033875,-118.180641
17926,17926,34.028061,-118.441887
17927,17927,34.029987,-118.435577
17932,17932,34.026943,-118.832848
17933,17933,34.026722,-118.219093
17934,17934,34.027016,-118.21624
17935,17935,34.02689,-118.203003
17936,17936,34.04845,-118.212334
17938,17938,34.02626,-118.447807
17942,17942,34.037247,-118.264877
17943,17943,34.029091,-118.251877
17944,17944,34.024574,-118.240143
17945,17945,34.023449,-118.160713
17950,17950,34.02298,-118.17131
17951,17951,34.02729,-118.187019
17952,17952,34.025246,-118.177017
17960,17960,34.020481,-118.816788
17961,17961,34.022285,-118.810997
17962,17962,34.023304,-118.802498
17963,17963,34.030182,-118.784233
17964,17964,34.032238,-118.766144
17965,17965,34.036465,-118.757973
17966,17966,34.037445,-118.752769
17967,17967,34.037476,-118.711563
17968,17968,34.039631,-118.703346
17969,17969,34.040207,-118.693199
17970,17970,34.045216,-118.676529
17971,17971,34.044128,-118.629791
17972,17972,34.044922,-118.620193
17973,17973,34.043858,-118.612473
17974,17974,34.046532,-118.598511
17975,17975,34.045296,-118.585297
17985,17985,34.019653,-118.819458
17986,17986,34.019951,-118.824913
17995,17995,34.01989,-118.161667
17996,17996,34.019249,-118.161919
18009,18009,34.014641,-118.481972
18010,18010,34.022678,-118.459557
18011,18011,34.01458,-118.485527
18012,18012,34.024609,-118.489418
18013,18013,34.034969,-118.479897
18014,18014,34.047066,-118.457207
18015,18015,34.043293,-118.543671
18016,18016,34.034847,-118.525673
18017,18017,34.023911,-118.506477
18018,18018,34.015652,-118.498154
18019,18019,34.014347,-118.482788
18052,18052,34.002003,-118.078888
18053,18053,34.023766,-118.153526
18054,18054,34.01812,-118.121902
18055,18055,34.006733,-118.090073
18073,18073,34.007515,-118.409607
18074,18074,33.995029,-118.39978
18076,18076,34.010017,-118.477814
18077,18077,33.99786,-118.452507
18078,18078,33.993374,-118.446747
18134,18134,33.990101,-118.442558
18148,18148,34.020702,-118.274742
18149,18149,33.99107,-118.276123
18163,18163,33.996593,-118.08255
18166,18166,34.017471,-118.15744
18167,18167,33.997597,-118.135513
18192,18192,34.008308,-118.166206
18193,18193,33.997498,-118.167213
